question,user_input,retrieved_contexts,response,reference,faithfulness,answer_relevancy
Qui est le meilleur marqueur de la saison en nombre de points total et quel est son score ?,Qui est le meilleur marqueur de la saison en nombre de points total et quel est son score ?,"['SQL: Statistiques exactes du meilleur marqueur :\n- Joueur : Shai Gilgeous-Alexander\n- total_points : 2485.0', 'RAG: 84   Analyse du top 15 des joueurs en nombre de points                      NaN                          NaN                               NaN                                          NaN                                         NaN                NaN                               NaN\n85                                                 NaN                      NaN                          NaN                               NaN                                          NaN                                         NaN                NaN                               NaN\n86                                                 NaN                      NaN                          NaN                               NaN                                          NaN                                         NaN                NaN                               NaN\n87                                             Players    Nombre de point total                          FGM       Pourcentage de tirs réussis  Pourcentage de réussite aux tirs à 3 points  Pourcentage de réussite aux lancers francs  Rebonds offensifs  Estimation de l’impact du joueur\n88                             Shai Gilgeous-Alexander                     2485                          859                              51.9                                         37.5                                        89.8                 68                              19.9\n---\n84   Analyse du top 15 des joueurs en nombre de points                      NaN                          NaN                               NaN                                          NaN                                         NaN                NaN                               NaN\n85                                                 NaN                      NaN                          NaN                               NaN                                          NaN                                         NaN                NaN                               NaN\n86                                                 NaN                      NaN                          NaN                               NaN                                          NaN                                         NaN                NaN                               NaN\n87                                             Players    Nombre de point total                          FGM       Pourcentage de tirs réussis  Pourcentage de réussite aux tirs à 3 points  Pourcentage de réussite aux lancers francs  Rebonds offensifs  Estimation de l’impact du joueur\n88                                                 NaN                      NaN                          NaN                               NaN                                          NaN                                         NaN                NaN                               NaN']",Le meilleur marqueur de la saison en nombre de points total est Shai Gilgeous-Alexander avec un score de 2485 points.,Shai Gilgeous-Alexander est le meilleur marqueur avec un total de 2485 points.,1.0,0.9565637053101771
Quelle équipe possède le plus grand nombre total de points marqués sur la saison ?,Quelle équipe possède le plus grand nombre total de points marqués sur la saison ?,"[""SQL: L'équipe avec le plus grand nombre de points est :\n- Équipe : Detroit Pistons\n- Points marqués : 10292.0"", ""RAG: 4                                                 Code  Nom complet de l'équipe  Nombre de joueur par équipe  Nombre de point total par équipe                                          NaN                                         NaN                NaN                               NaN\n5                                                  MIA               Miami Heat                           19                              9828                                          NaN                                         NaN                NaN                               NaN\n6                                                  OKC    Oklahoma City Thunder                           18                              9880                                          NaN                                         NaN                NaN                               NaN\n7                                                  LAC     Los Angeles Clippers                           17                              9050                                          NaN                                         NaN                NaN                               NaN\n8                                                  BKN            Brooklyn Nets                           20                              7999                                          NaN                                         NaN                NaN                               NaN\n---\n4                                                 Code  Nom complet de l'équipe  Nombre de joueur par équipe  Nombre de point total par équipe                                          NaN                                         NaN                NaN                               NaN\n5                                                  MIA                      NaN                          NaN                               NaN                                          NaN                                         NaN                NaN                               NaN\n6                                                  OKC                      NaN                          NaN                               NaN                                          NaN                                         NaN                NaN                               NaN\n7                                                  LAC                      NaN                          NaN                               NaN                                          NaN                                         NaN                NaN                               NaN\n8                                                  BKN                      NaN                          NaN                               NaN                                          NaN                                         NaN                NaN                               NaN""]",L'équipe avec le plus grand nombre de points marqués sur la saison est les Detroit Pistons avec un total de 10292.0 points.,Les Detroit Pistons (DET) possèdent le plus grand nombre de points total avec 10292 points.,1.0,0.9423282628873183
Quel est le pourcentage de réussite aux tirs et l'impacts de Nikola Jokić ?,Quel est le pourcentage de réussite aux tirs et l'impacts de Nikola Jokić ?,"['SQL: Aucune donnée statistique trouvée.', ""RAG: 41                     USG%                Usage Rate – % des actions utilisées par le joueur\n42                     PACE                        Rythme de jeu (possessions par 48 minutes)\n43                      PIE           Player Impact Estimate – évaluation globale de l’impact\n44                     POSS                                Nombre total de possessions jouées\n---\n27                      TD3            Triple-doubles (≥10 dans trois catégories principales)\n28                    + / -  Plus-Minus (écart de score lorsque le joueur est sur le terrain)\n29                   OFFRTG             Offensive Rating (points marqués par 100 possessions)\n30                   DEFRTG           Defensive Rating (points encaissés par 100 possessions)\n31                   NETRTG                                      Net Rating = OFFRTG - DEFRTG\n32                     AST%     Pourcentage d'assists – implication dans les passes décisives\n33                   AST/TO                                    Ratio passes / pertes de balle\n34                AST RATIO                              Ratio d’assists pour 100 possessions\n35                    OREB%           Pourcentage de rebonds offensifs parmi ceux disponibles\n36                    DREB%                                                  Idem en défensif\n37                     REB%              Pourcentage de rebonds totaux parmi ceux disponibles\n38                 TO RATIO              Turnover Ratio – pertes de balle par 100 possessions\n39                     EFG%                     Effective Field Goal % (pondère les 3 points)\n40                      TS%               True Shooting % (inclut FG et FT dans l'efficacité)\n41                     USG%                Usage Rate – % des actions utilisées par le joueur""]","D'après le contexte fourni, voici les indicateurs pertinents pour évaluer le pourcentage de réussite aux tirs et l'impact de Nikola Jokić :

1. **Pourcentage de réussite aux tirs** :
   - **EFG%** (Effective Field Goal Percentage) : Ce pourcentage pondère les tirs à 3 points, ce qui donne une meilleure idée de l'efficacité de tir globale.
   - **TS%** (True Shooting Percentage) : Ce pourcentage inclut les tirs de champ et les lancers francs, offrant une mesure plus complète de l'efficacité offensive.

2. **Impact** :
   - **PIE** (Player Impact Estimate) : C'est une évaluation globale de l'impact de Jokić sur le terrain.
   - **+ / -** (Plus-Minus) : Cet indicateur montre l'écart de score lorsque Jokić est sur le terrain, ce qui peut donner une idée de son influence sur le jeu.
   - **NETRTG** (Net Rating) : La différence entre l'OFFRTG (Offensive Rating) et le DEFRTG (Defensive Rating) lorsque Jokić est sur le terrain, indiquant son impact global sur le jeu.

Pour obtenir des valeurs précises, il faudrait consulter les données statistiques spécifiques de Nikola Jokić, qui ne sont pas fournies dans le contexte actuel.",Nikola Jokić a un pourcentage de réussite aux tirs de 57.6% et une estimation d'impact (PIE) de 20.6.,0.42857142857142855,0.9546631056412913
Quelle est la température moyenne à Paris en plein mois de juillet ?,Quelle est la température moyenne à Paris en plein mois de juillet ?,"['SQL: Aucune donnée statistique trouvée.', 'RAG: 129                       Analyse(s) complémentaire(s)                      NaN                          NaN                               NaN                                          NaN                                         NaN                NaN                               NaN\n---\n129                       Analyse(s) complémentaire(s)                      NaN                          NaN                               NaN                                          NaN                                         NaN                NaN                               NaN']","Je n'ai pas accès à des données spécifiques sur la température moyenne à Paris en juillet. Cependant, en général, Paris connaît des températures estivales agréables, souvent entre 20°C et 25°C en moyenne, avec des pics pouvant atteindre 30°C ou plus lors des vagues de chaleur. Pour des données précises, il serait préférable de consulter des sources météorologiques ou des rapports climatiques.",Cette information n'est pas présente dans la base de données NBA. Je ne peux répondre qu'aux questions concernant les statistiques des joueurs et des équipes de basketball.,0.2,0.0
